"","fragment_ID","site","tank","treatment","scan","order_in_tank","notes","full_path","reflectance_file","file_time"
"1","DB-sid23-051426","Dania",1,"+4C",1,14,NA,"data/TP5/TANK1_Reflection__13__13.txt","TANK1_Reflection__13__13.txt",2026-07-01 11:55:37.072899
"2","DB-sid23-051426","Dania",1,"+4C",2,15,NA,"data/TP5/TANK1_Reflection__14__14.txt","TANK1_Reflection__14__14.txt",2026-07-01 11:55:56.227587
"3","DB-sid23-051426","Dania",1,"+4C",3,16,NA,"data/TP5/TANK1_Reflection__15__15.txt","TANK1_Reflection__15__15.txt",2026-07-01 11:56:28.857698
"4","GRA-sid27-051426","Graceland",1,"+4C",1,5,NA,"data/TP5/TANK1_Reflection__4__04.txt","TANK1_Reflection__4__04.txt",2026-07-01 11:50:03.260731
"5","GRA-sid27-051426","Graceland",1,"+4C",2,6,NA,"data/TP5/TANK1_Reflection__5__05.txt","TANK1_Reflection__5__05.txt",2026-07-01 11:50:22.857666
"6","GRA-sid27-051426","Graceland",1,"+4C",3,7,NA,"data/TP5/TANK1_Reflection__6__06.txt","TANK1_Reflection__6__06.txt",2026-07-01 11:51:31.424486
"7","URB-sid17-052826","Dodge Island",1,"+4C",1,11,NA,"data/TP5/TANK1_Reflection__10__10.txt","TANK1_Reflection__10__10.txt",2026-07-01 11:53:55.045273
"8","URB-sid17-052826","Dodge Island",1,"+4C",2,12,NA,"data/TP5/TANK1_Reflection__11__11.txt","TANK1_Reflection__11__11.txt",2026-07-01 11:54:09.623432
"9","URB-sid17-052826","Dodge Island",1,"+4C",3,13,NA,"data/TP5/TANK1_Reflection__12__12.txt","TANK1_Reflection__12__12.txt",2026-07-01 11:54:24.038454
"10","cave-ssid22-04162026","Caves",1,"+4C",1,8,NA,"data/TP5/TANK1_Reflection__7__07.txt","TANK1_Reflection__7__07.txt",2026-07-01 11:52:11.858419
"11","cave-ssid22-04162026","Caves",1,"+4C",2,9,NA,"data/TP5/TANK1_Reflection__8__08.txt","TANK1_Reflection__8__08.txt",2026-07-01 11:52:29.162182
"12","cave-ssid22-04162026","Caves",1,"+4C",3,10,NA,"data/TP5/TANK1_Reflection__9__09.txt","TANK1_Reflection__9__09.txt",2026-07-01 11:52:53.095587
"13","ftlb1-ssid04-03232026","BAR",1,"+4C",1,17,NA,"data/TP5/TANK1_Reflection__16__16.txt","TANK1_Reflection__16__16.txt",2026-07-01 11:57:03.070818
"14","ftlb1-ssid04-03232026","BAR",1,"+4C",2,18,NA,"data/TP5/TANK1_Reflection__17__17.txt","TANK1_Reflection__17__17.txt",2026-07-01 11:57:30.025036
"15","ftlb1-ssid04-03232026","BAR",1,"+4C",3,19,NA,"data/TP5/TANK1_Reflection__18__18.txt","TANK1_Reflection__18__18.txt",2026-07-01 11:58:01.864382
"16","skeleton_tank1",NA,1,"+4C",1,2,NA,"data/TP5/TANK1_Reflection__1__01.txt","TANK1_Reflection__1__01.txt",2026-07-01 11:48:05.508167
"17","skeleton_tank1",NA,1,"+4C",2,3,NA,"data/TP5/TANK1_Reflection__2__02.txt","TANK1_Reflection__2__02.txt",2026-07-01 11:48:25.708784
"18","skeleton_tank1",NA,1,"+4C",3,4,NA,"data/TP5/TANK1_Reflection__3__03.txt","TANK1_Reflection__3__03.txt",2026-07-01 11:48:44.497477
"19","spectralon_tank1",NA,1,"+4C",1,1,NA,"data/TP5/TANK1_Reflection__0__00.txt","TANK1_Reflection__0__00.txt",2026-07-01 11:47:27.79829
"20","GRA-sid33-051426","Graceland",2,"control",1,8,NA,"data/TP5/TANK2_Reflection__7__07.txt","TANK2_Reflection__7__07.txt",2026-07-01 11:37:06.115164
"21","GRA-sid33-051426","Graceland",2,"control",2,9,NA,"data/TP5/TANK2_Reflection__8__08.txt","TANK2_Reflection__8__08.txt",2026-07-01 11:37:20.852262
"22","GRA-sid33-051426","Graceland",2,"control",3,10,NA,"data/TP5/TANK2_Reflection__9__09.txt","TANK2_Reflection__9__09.txt",2026-07-01 11:37:42.918493
"23","JR-sid02-052026","JR's Ledge",2,"control",1,17,NA,"data/TP5/TANK2_Reflection__16__16.txt","TANK2_Reflection__16__16.txt",2026-07-01 11:41:27.103168
"24","JR-sid02-052026","JR's Ledge",2,"control",2,18,NA,"data/TP5/TANK2_Reflection__17__17.txt","TANK2_Reflection__17__17.txt",2026-07-01 11:41:38.938351
"25","JR-sid02-052026","JR's Ledge",2,"control",3,19,NA,"data/TP5/TANK2_Reflection__18__18.txt","TANK2_Reflection__18__18.txt",2026-07-01 11:41:50.782644
"26","REV-sid19-052026","Reverse Reef",2,"control",1,14,NA,"data/TP5/TANK2_Reflection__13__13.txt","TANK2_Reflection__13__13.txt",2026-07-01 11:40:04.2512
"27","REV-sid19-052026","Reverse Reef",2,"control",2,15,NA,"data/TP5/TANK2_Reflection__14__14.txt","TANK2_Reflection__14__14.txt",2026-07-01 11:40:19.119734
"28","REV-sid19-052026","Reverse Reef",2,"control",3,16,NA,"data/TP5/TANK2_Reflection__15__15.txt","TANK2_Reflection__15__15.txt",2026-07-01 11:40:32.235622
"29","URB-sid38-052826","Dodge Island",2,"control",1,11,NA,"data/TP5/TANK2_Reflection__10__10.txt","TANK2_Reflection__10__10.txt",2026-07-01 11:38:30.048637
"30","URB-sid38-052826","Dodge Island",2,"control",2,12,NA,"data/TP5/TANK2_Reflection__11__11.txt","TANK2_Reflection__11__11.txt",2026-07-01 11:38:43.807795
"31","URB-sid38-052826","Dodge Island",2,"control",3,13,NA,"data/TP5/TANK2_Reflection__12__12.txt","TANK2_Reflection__12__12.txt",2026-07-01 11:38:56.443071
"32","sc-ssid09-04182026","South Canyon",2,"control",1,5,NA,"data/TP5/TANK2_Reflection__4__04.txt","TANK2_Reflection__4__04.txt",2026-07-01 11:36:03.729881
"33","sc-ssid09-04182026","South Canyon",2,"control",2,6,NA,"data/TP5/TANK2_Reflection__5__05.txt","TANK2_Reflection__5__05.txt",2026-07-01 11:36:17.169588
"34","sc-ssid09-04182026","South Canyon",2,"control",3,7,NA,"data/TP5/TANK2_Reflection__6__06.txt","TANK2_Reflection__6__06.txt",2026-07-01 11:36:31.391369
"35","skeleton_tank2",NA,2,"control",1,2,NA,"data/TP5/TANK2_Reflection__1__01.txt","TANK2_Reflection__1__01.txt",2026-07-01 11:34:50.113585
"36","skeleton_tank2",NA,2,"control",2,3,NA,"data/TP5/TANK2_Reflection__2__02.txt","TANK2_Reflection__2__02.txt",2026-07-01 11:35:02.294676
"37","skeleton_tank2",NA,2,"control",3,4,NA,"data/TP5/TANK2_Reflection__3__03.txt","TANK2_Reflection__3__03.txt",2026-07-01 11:35:20.868313
"38","spectralon_tank2",NA,2,"control",1,1,NA,"data/TP5/TANK2_Reflection__0__00.txt","TANK2_Reflection__0__00.txt",2026-07-01 11:34:12.333624
"39","DB-sid28-051426","Dania",3,"+2C",1,21,NA,"data/TP5/TANK3_Reflection__20__20.txt","TANK3_Reflection__20__20.txt",2026-07-01 11:29:30.029316
"40","DB-sid28-051426","Dania",3,"+2C",2,22,NA,"data/TP5/TANK3_Reflection__21__21.txt","TANK3_Reflection__21__21.txt",2026-07-01 11:29:43.679289
"41","DB-sid28-051426","Dania",3,"+2C",3,23,NA,"data/TP5/TANK3_Reflection__22__22.txt","TANK3_Reflection__22__22.txt",2026-07-01 11:30:00.668531
"42","EMERALD-sid06-052026","Emerald Reef",3,"+2C",1,11,NA,"data/TP5/TANK3_Reflection__10__10.txt","TANK3_Reflection__10__10.txt",2026-07-01 11:23:58.207739
"43","EMERALD-sid06-052026","Emerald Reef",3,"+2C",2,12,NA,"data/TP5/TANK3_Reflection__11__11.txt","TANK3_Reflection__11__11.txt",2026-07-01 11:24:09.43169
"44","EMERALD-sid06-052026","Emerald Reef",3,"+2C",3,13,NA,"data/TP5/TANK3_Reflection__12__12.txt","TANK3_Reflection__12__12.txt",2026-07-01 11:24:38.395836
"45","EMERALD-sid06-052026","Emerald Reef",3,"+2C",4,18,NA,"data/TP5/TANK3_Reflection__17__17.txt","TANK3_Reflection__17__17.txt",2026-07-01 11:27:52.386189
"46","EMERALD-sid06-052026","Emerald Reef",3,"+2C",5,19,NA,"data/TP5/TANK3_Reflection__18__18.txt","TANK3_Reflection__18__18.txt",2026-07-01 11:28:04.218531
"47","EMERALD-sid06-052026","Emerald Reef",3,"+2C",6,20,NA,"data/TP5/TANK3_Reflection__19__19.txt","TANK3_Reflection__19__19.txt",2026-07-01 11:28:16.343138
"48","GRA-sid11-051426","Graceland",3,"+2C",1,14,NA,"data/TP5/TANK3_Reflection__13__13.txt","TANK3_Reflection__13__13.txt",2026-07-01 11:25:23.03054
"49","GRA-sid11-051426","Graceland",3,"+2C",2,15,NA,"data/TP5/TANK3_Reflection__14__14.txt","TANK3_Reflection__14__14.txt",2026-07-01 11:25:37.128586
"50","GRA-sid11-051426","Graceland",3,"+2C",3,16,NA,"data/TP5/TANK3_Reflection__15__15.txt","TANK3_Reflection__15__15.txt",2026-07-01 11:25:58.183443
"51","GRA-sid11-051426","Graceland",3,"+2C",4,17,NA,"data/TP5/TANK3_Reflection__16__16.txt","TANK3_Reflection__16__16.txt",2026-07-01 11:26:13.955496
"52","REV-sid30-052026","Reverse Reef",3,"+2C",1,5,NA,"data/TP5/TANK3_Reflection__4__04.txt","TANK3_Reflection__4__04.txt",2026-07-01 11:21:36.763792
"53","REV-sid30-052026","Reverse Reef",3,"+2C",2,6,NA,"data/TP5/TANK3_Reflection__5__05.txt","TANK3_Reflection__5__05.txt",2026-07-01 11:21:47.224218
"54","REV-sid30-052026","Reverse Reef",3,"+2C",3,7,NA,"data/TP5/TANK3_Reflection__6__06.txt","TANK3_Reflection__6__06.txt",2026-07-01 11:21:56.928616
"55","REV-sid35-052026","Reverse Reef",3,"+2C",1,8,NA,"data/TP5/TANK3_Reflection__7__07.txt","TANK3_Reflection__7__07.txt",2026-07-01 11:22:36.203215
"56","REV-sid35-052026","Reverse Reef",3,"+2C",2,9,NA,"data/TP5/TANK3_Reflection__8__08.txt","TANK3_Reflection__8__08.txt",2026-07-01 11:22:51.065022
"57","REV-sid35-052026","Reverse Reef",3,"+2C",3,10,NA,"data/TP5/TANK3_Reflection__9__09.txt","TANK3_Reflection__9__09.txt",2026-07-01 11:23:06.213957
"58","skeleton_tank3",NA,3,"+2C",1,2,NA,"data/TP5/TANK3_Reflection__1__01.txt","TANK3_Reflection__1__01.txt",2026-07-01 11:19:46.823677
"59","skeleton_tank3",NA,3,"+2C",2,3,NA,"data/TP5/TANK3_Reflection__2__02.txt","TANK3_Reflection__2__02.txt",2026-07-01 11:19:58.651278
"60","skeleton_tank3",NA,3,"+2C",3,4,NA,"data/TP5/TANK3_Reflection__3__03.txt","TANK3_Reflection__3__03.txt",2026-07-01 11:20:12.291851
"61","spectralon_tank3",NA,3,"+2C",1,1,NA,"data/TP5/TANK3_Reflection__0__00.txt","TANK3_Reflection__0__00.txt",2026-07-01 11:19:05.590427
"62","DB-sid19-051426","Dania",4,"+4C",1,16,NA,"data/TP5/TANK4_Reflection__17__21.txt","TANK4_Reflection__17__21.txt",2026-07-01 11:11:30.168922
"63","DB-sid19-051426","Dania",4,"+4C",2,17,NA,"data/TP5/TANK4_Reflection__18__22.txt","TANK4_Reflection__18__22.txt",2026-07-01 11:11:56.477497
"64","DB-sid19-051426","Dania",4,"+4C",3,18,NA,"data/TP5/TANK4_Reflection__19__23.txt","TANK4_Reflection__19__23.txt",2026-07-01 11:12:07.525261
"65","GRA-sid15-051426","Graceland",4,"+4C",1,7,NA,"data/TP5/TANK4_Reflection__8__12.txt","TANK4_Reflection__8__12.txt",2026-07-01 11:07:48.480528
"66","GRA-sid15-051426","Graceland",4,"+4C",2,8,NA,"data/TP5/TANK4_Reflection__9__13.txt","TANK4_Reflection__9__13.txt",2026-07-01 11:08:23.447258
"67","GRA-sid15-051426","Graceland",4,"+4C",3,9,NA,"data/TP5/TANK4_Reflection__10__14.txt","TANK4_Reflection__10__14.txt",2026-07-01 11:08:37.287394
"68","URB-sid40-052826","Dodge Island",4,"+4C",1,10,NA,"data/TP5/TANK4_Reflection__11__15.txt","TANK4_Reflection__11__15.txt",2026-07-01 11:08:51.201117
"69","URB-sid40-052826","Dodge Island",4,"+4C",2,11,NA,"data/TP5/TANK4_Reflection__12__16.txt","TANK4_Reflection__12__16.txt",2026-07-01 11:09:23.436993
"70","URB-sid40-052826","Dodge Island",4,"+4C",3,12,NA,"data/TP5/TANK4_Reflection__13__17.txt","TANK4_Reflection__13__17.txt",2026-07-01 11:09:44.032089
"71","cave-ssid11-04162026","Caves",4,"+4C",1,19,NA,"data/TP5/TANK4_Reflection__20__24.txt","TANK4_Reflection__20__24.txt",2026-07-01 11:12:36.849577
"72","cave-ssid11-04162026","Caves",4,"+4C",2,20,NA,NA,NA,NA
"73","cave-ssid11-04162026","Caves",4,"+4C",3,21,NA,NA,NA,NA
"74","ftlb2-ssid17-03222026","BAR",4,"+4C",1,13,NA,"data/TP5/TANK4_Reflection__14__18.txt","TANK4_Reflection__14__18.txt",2026-07-01 11:10:19.793549
"75","ftlb2-ssid17-03222026","BAR",4,"+4C",2,14,NA,"data/TP5/TANK4_Reflection__15__19.txt","TANK4_Reflection__15__19.txt",2026-07-01 11:10:56.366199
"76","ftlb2-ssid17-03222026","BAR",4,"+4C",3,15,NA,"data/TP5/TANK4_Reflection__16__20.txt","TANK4_Reflection__16__20.txt",2026-07-01 11:11:08.041056
"77","skeleton_tank4",NA,4,"+4C",1,3,NA,"data/TP5/TANK4_Reflection__4__08.txt","TANK4_Reflection__4__08.txt",2026-07-01 11:05:01.69462
"78","skeleton_tank4",NA,4,"+4C",2,4,NA,"data/TP5/TANK4_Reflection__5__09.txt","TANK4_Reflection__5__09.txt",2026-07-01 11:06:10.901432
"79","skeleton_tank4",NA,4,"+4C",3,5,NA,"data/TP5/TANK4_Reflection__6__10.txt","TANK4_Reflection__6__10.txt",2026-07-01 11:06:50.831413
"80","spectralon_tank4",NA,4,"+4C",1,6,NA,"data/TP5/TANK4_Reflection__7__11.txt","TANK4_Reflection__7__11.txt",2026-07-01 11:07:21.96549
"81","DB-sid17-051426","Dania",5,"control",1,11,NA,"data/TP5/TANK5_Reflection__10__10.txt","TANK5_Reflection__10__10.txt",2026-07-01 10:48:47.757906
"82","DB-sid17-051426","Dania",5,"control",2,12,NA,"data/TP5/TANK5_Reflection__11__11.txt","TANK5_Reflection__11__11.txt",2026-07-01 10:49:05.625458
"83","DB-sid17-051426","Dania",5,"control",3,13,NA,"data/TP5/TANK5_Reflection__12__12.txt","TANK5_Reflection__12__12.txt",2026-07-01 10:49:21.187937
"84","GRA-sid14-051426","Graceland",5,"control",1,8,NA,"data/TP5/TANK5_Reflection__7__07.txt","TANK5_Reflection__7__07.txt",2026-07-01 10:46:30.144022
"85","GRA-sid14-051426","Graceland",5,"control",2,9,NA,"data/TP5/TANK5_Reflection__8__08.txt","TANK5_Reflection__8__08.txt",2026-07-01 10:46:58.615599
"86","GRA-sid14-051426","Graceland",5,"control",3,10,NA,"data/TP5/TANK5_Reflection__9__09.txt","TANK5_Reflection__9__09.txt",2026-07-01 10:47:24.827652
"87","JR-sid23-052026","JR's Ledge",5,"control",1,17,NA,"data/TP5/TANK5_Reflection__16__16.txt","TANK5_Reflection__16__16.txt",2026-07-01 10:51:58.13212
"88","JR-sid23-052026","JR's Ledge",5,"control",2,18,NA,"data/TP5/TANK5_Reflection__17__17.txt","TANK5_Reflection__17__17.txt",2026-07-01 10:53:03.776911
"89","JR-sid23-052026","JR's Ledge",5,"control",3,19,NA,"data/TP5/TANK5_Reflection__18__18.txt","TANK5_Reflection__18__18.txt",2026-07-01 10:53:20.04693
"90","REV-sid21-052026","Reverse Reef",5,"control",1,14,NA,"data/TP5/TANK5_Reflection__13__13.txt","TANK5_Reflection__13__13.txt",2026-07-01 10:50:17.067343
"91","REV-sid21-052026","Reverse Reef",5,"control",2,15,NA,"data/TP5/TANK5_Reflection__14__14.txt","TANK5_Reflection__14__14.txt",2026-07-01 10:50:31.246128
"92","REV-sid21-052026","Reverse Reef",5,"control",3,16,NA,"data/TP5/TANK5_Reflection__15__15.txt","TANK5_Reflection__15__15.txt",2026-07-01 10:50:45.770601
"93","ftlb2-ssid02-03222026","BAR",5,"control",1,5,NA,"data/TP5/TANK5_Reflection__4__04.txt","TANK5_Reflection__4__04.txt",2026-07-01 10:45:04.318598
"94","ftlb2-ssid02-03222026","BAR",5,"control",2,6,NA,"data/TP5/TANK5_Reflection__5__05.txt","TANK5_Reflection__5__05.txt",2026-07-01 10:45:17.589344
"95","ftlb2-ssid02-03222026","BAR",5,"control",3,7,NA,"data/TP5/TANK5_Reflection__6__06.txt","TANK5_Reflection__6__06.txt",2026-07-01 10:45:32.800848
"96","skeleton_tank5",NA,5,"control",1,2,NA,"data/TP5/TANK5_Reflection__1__01.txt","TANK5_Reflection__1__01.txt",2026-07-01 10:43:44.798801
"97","skeleton_tank5",NA,5,"control",2,3,NA,"data/TP5/TANK5_Reflection__2__02.txt","TANK5_Reflection__2__02.txt",2026-07-01 10:43:55.613173
"98","skeleton_tank5",NA,5,"control",3,4,NA,"data/TP5/TANK5_Reflection__3__03.txt","TANK5_Reflection__3__03.txt",2026-07-01 10:44:06.426664
"99","spectralon_tank5",NA,5,"control",1,1,NA,"data/TP5/TANK5_Reflection__0__00.txt","TANK5_Reflection__0__00.txt",2026-07-01 10:42:57.843248
"100","DB-sid33-051426","Dania",6,"+2C",1,17,NA,"data/TP5/TANK6_Reflection__16__16.txt","TANK6_Reflection__16__16.txt",2026-07-01 10:36:22.919706
"101","DB-sid33-051426","Dania",6,"+2C",2,18,NA,"data/TP5/TANK6_Reflection__17__17.txt","TANK6_Reflection__17__17.txt",2026-07-01 10:36:35.779951
"102","DB-sid33-051426","Dania",6,"+2C",3,19,NA,"data/TP5/TANK6_Reflection__18__18.txt","TANK6_Reflection__18__18.txt",2026-07-01 10:37:23.543737
"103","GRA-sid06-051426","Graceland",6,"+2C",1,5,NA,"data/TP5/TANK6_Reflection__4__04.txt","TANK6_Reflection__4__04.txt",2026-07-01 10:29:43.988617
"104","GRA-sid06-051426","Graceland",6,"+2C",2,6,NA,"data/TP5/TANK6_Reflection__5__05.txt","TANK6_Reflection__5__05.txt",2026-07-01 10:29:55.224104
"105","GRA-sid06-051426","Graceland",6,"+2C",3,7,NA,"data/TP5/TANK6_Reflection__6__06.txt","TANK6_Reflection__6__06.txt",2026-07-01 10:30:05.658621
"106","JR-sid05-052026","JR's Ledge",6,"+2C",1,8,NA,"data/TP5/TANK6_Reflection__7__07.txt","TANK6_Reflection__7__07.txt",2026-07-01 10:31:09.889097
"107","JR-sid05-052026","JR's Ledge",6,"+2C",2,9,NA,"data/TP5/TANK6_Reflection__8__08.txt","TANK6_Reflection__8__08.txt",2026-07-01 10:31:29.558762
"108","JR-sid05-052026","JR's Ledge",6,"+2C",3,10,NA,"data/TP5/TANK6_Reflection__9__09.txt","TANK6_Reflection__9__09.txt",2026-07-01 10:31:43.205051
"109","URB-sid07-052826","Dodge Island",6,"+2C",1,11,NA,"data/TP5/TANK6_Reflection__10__10.txt","TANK6_Reflection__10__10.txt",2026-07-01 10:32:30.547487
"110","URB-sid07-052826","Dodge Island",6,"+2C",2,12,NA,"data/TP5/TANK6_Reflection__11__11.txt","TANK6_Reflection__11__11.txt",2026-07-01 10:32:43.393215
"111","URB-sid07-052826","Dodge Island",6,"+2C",3,13,NA,"data/TP5/TANK6_Reflection__12__12.txt","TANK6_Reflection__12__12.txt",2026-07-01 10:33:04.061157
"112","cave-ssid27-04162026","Caves",6,"+2C",1,14,NA,"data/TP5/TANK6_Reflection__13__13.txt","TANK6_Reflection__13__13.txt",2026-07-01 10:33:52.024986
"113","cave-ssid27-04162026","Caves",6,"+2C",2,15,NA,"data/TP5/TANK6_Reflection__14__14.txt","TANK6_Reflection__14__14.txt",2026-07-01 10:34:07.679888
"114","cave-ssid27-04162026","Caves",6,"+2C",3,16,NA,"data/TP5/TANK6_Reflection__15__15.txt","TANK6_Reflection__15__15.txt",2026-07-01 10:34:40.015821
"115","skeleton_tank6",NA,6,"+2C",1,2,NA,"data/TP5/TANK6_Reflection__1__01.txt","TANK6_Reflection__1__01.txt",2026-07-01 10:28:19.797087
"116","skeleton_tank6",NA,6,"+2C",2,3,NA,"data/TP5/TANK6_Reflection__2__02.txt","TANK6_Reflection__2__02.txt",2026-07-01 10:28:35.908318
"117","skeleton_tank6",NA,6,"+2C",3,4,NA,"data/TP5/TANK6_Reflection__3__03.txt","TANK6_Reflection__3__03.txt",2026-07-01 10:28:50.961063
"118","spectralon_tank6",NA,6,"+2C",1,1,NA,"data/TP5/TANK6_Reflection__0__00.txt","TANK6_Reflection__0__00.txt",2026-07-01 10:27:39.021797
"119","spectralon_tank7",NA,7,"control",1,1,NA,"data/TP5/TANK7_Reflection__0__00.txt","TANK7_Reflection__0__00.txt",2026-07-01 09:54:57.749895
"120","skeleton_tank7",NA,7,"control",1,2,NA,"data/TP5/TANK7_Reflection__1__01.txt","TANK7_Reflection__1__01.txt",2026-07-01 09:55:28.175705
"121","skeleton_tank7",NA,7,"control",3,4,NA,"data/TP5/TANK7_Reflection__3__03.txt","TANK7_Reflection__3__03.txt",2026-07-01 09:56:07.299414
"122","sc-ssid26-04182026","South Canyon",7,"control",1,5,NA,"data/TP5/TANK7_Reflection__4__04.txt","TANK7_Reflection__4__04.txt",2026-07-01 09:57:18.645119
"123","sc-ssid26-04182026","South Canyon",7,"control",2,6,NA,"data/TP5/TANK7_Reflection__5__05.txt","TANK7_Reflection__5__05.txt",2026-07-01 09:57:30.770674
"124","skeleton_tank7",NA,7,"control",2,3,NA,"data/TP5/TANK7_Reflection__2__02.txt","TANK7_Reflection__2__02.txt",2026-07-01 09:55:45.413448
"125","sc-ssid26-04182026","South Canyon",7,"control",3,7,NA,"data/TP5/TANK7_Reflection__6__06.txt","TANK7_Reflection__6__06.txt",2026-07-01 09:57:45.27704
"126","EMERALD-sid07-052026","Emerald Reef",7,"control",1,8,NA,"data/TP5/TANK7_Reflection__7__07.txt","TANK7_Reflection__7__07.txt",2026-07-01 09:58:39.590206
"127","EMERALD-sid07-052026","Emerald Reef",7,"control",2,9,NA,"data/TP5/TANK7_Reflection__8__08.txt","TANK7_Reflection__8__08.txt",2026-07-01 09:58:58.733271
"128","EMERALD-sid07-052026","Emerald Reef",7,"control",3,10,NA,"data/TP5/TANK7_Reflection__9__09.txt","TANK7_Reflection__9__09.txt",2026-07-01 10:00:03.486534
"129","DB-sid21-051426","Dania",7,"control",1,11,NA,"data/TP5/TANK7_Reflection__10__10.txt","TANK7_Reflection__10__10.txt",2026-07-01 10:00:37.605738
"130","DB-sid21-051426","Dania",7,"control",2,12,NA,"data/TP5/TANK7_Reflection__11__11.txt","TANK7_Reflection__11__11.txt",2026-07-01 10:00:49.597918
"131","DB-sid21-051426","Dania",7,"control",3,13,NA,"data/TP5/TANK7_Reflection__12__12.txt","TANK7_Reflection__12__12.txt",2026-07-01 10:01:08.750124
"132","URB-sid26-052826","Dodge Island",7,"control",1,14,NA,"data/TP5/TANK7_Reflection__13__13.txt","TANK7_Reflection__13__13.txt",2026-07-01 10:02:54.809248
"133","URB-sid26-052826","Dodge Island",7,"control",2,15,NA,"data/TP5/TANK7_Reflection__14__14.txt","TANK7_Reflection__14__14.txt",2026-07-01 10:03:43.550499
"134","URB-sid26-052826","Dodge Island",7,"control",3,16,NA,"data/TP5/TANK7_Reflection__15__15.txt","TANK7_Reflection__15__15.txt",2026-07-01 10:04:27.994446
"135","cave-ssid29-04162026","Caves",7,"control",1,17,NA,"data/TP5/TANK7_Reflection__16__16.txt","TANK7_Reflection__16__16.txt",2026-07-01 10:05:05.672722
"136","cave-ssid29-04162026","Caves",7,"control",2,18,NA,"data/TP5/TANK7_Reflection__17__17.txt","TANK7_Reflection__17__17.txt",2026-07-01 10:05:20.326084
"137","cave-ssid29-04162026","Caves",7,"control",3,19,NA,"data/TP5/TANK7_Reflection__18__18.txt","TANK7_Reflection__18__18.txt",2026-07-01 10:05:35.398825
"138","EMERALD-sid19-052026","Emerald Reef",8,"+4C",1,17,NA,"data/TP5/TANK8_Reflection__16__16.txt","TANK8_Reflection__16__16.txt",2026-07-01 09:42:45.18453
"139","EMERALD-sid19-052026","Emerald Reef",8,"+4C",2,18,NA,"data/TP5/TANK8_Reflection__17__17.txt","TANK8_Reflection__17__17.txt",2026-07-01 09:43:11.619682
"140","EMERALD-sid19-052026","Emerald Reef",8,"+4C",3,19,NA,"data/TP5/TANK8_Reflection__18__18.txt","TANK8_Reflection__18__18.txt",2026-07-01 09:43:32.809437
"141","EMERALD-sid30-052026","Emerald Reef",8,"+4C",1,14,NA,"data/TP5/TANK8_Reflection__13__13.txt","TANK8_Reflection__13__13.txt",2026-07-01 09:41:32.179274
"142","EMERALD-sid30-052026","Emerald Reef",8,"+4C",2,15,NA,"data/TP5/TANK8_Reflection__14__14.txt","TANK8_Reflection__14__14.txt",2026-07-01 09:41:47.560097
"143","EMERALD-sid30-052026","Emerald Reef",8,"+4C",3,16,NA,"data/TP5/TANK8_Reflection__15__15.txt","TANK8_Reflection__15__15.txt",2026-07-01 09:42:00.424662
"144","JR-sid07-052026","JR's Ledge",8,"+4C",1,5,NA,"data/TP5/TANK8_Reflection__4__04.txt","TANK8_Reflection__4__04.txt",2026-07-01 09:36:19.946518
"145","JR-sid07-052026","JR's Ledge",8,"+4C",2,6,NA,"data/TP5/TANK8_Reflection__5__05.txt","TANK8_Reflection__5__05.txt",2026-07-01 09:36:45.506363
"146","JR-sid07-052026","JR's Ledge",8,"+4C",3,7,NA,"data/TP5/TANK8_Reflection__6__06.txt","TANK8_Reflection__6__06.txt",2026-07-01 09:37:05.424053
"147","REV-sid22-052026","Reverse Reef",8,"+4C",1,11,NA,"data/TP5/TANK8_Reflection__10__10.txt","TANK8_Reflection__10__10.txt",2026-07-01 09:40:08.461071
"148","REV-sid22-052026","Reverse Reef",8,"+4C",2,12,NA,"data/TP5/TANK8_Reflection__11__11.txt","TANK8_Reflection__11__11.txt",2026-07-01 09:40:21.860126
"149","REV-sid22-052026","Reverse Reef",8,"+4C",3,13,NA,"data/TP5/TANK8_Reflection__12__12.txt","TANK8_Reflection__12__12.txt",2026-07-01 09:40:32.910229
"150","ftlb1-ssid11-03232026","BAR",8,"+4C",1,8,NA,"data/TP5/TANK8_Reflection__7__07.txt","TANK8_Reflection__7__07.txt",2026-07-01 09:38:43.563787
"151","ftlb1-ssid11-03232026","BAR",8,"+4C",2,9,NA,"data/TP5/TANK8_Reflection__8__08.txt","TANK8_Reflection__8__08.txt",2026-07-01 09:38:59.134781
"152","ftlb1-ssid11-03232026","BAR",8,"+4C",3,10,NA,"data/TP5/TANK8_Reflection__9__09.txt","TANK8_Reflection__9__09.txt",2026-07-01 09:39:12.533672
"153","skeleton_tank8",NA,8,"+4C",1,2,NA,"data/TP5/TANK8_Reflection__1__01.txt","TANK8_Reflection__1__01.txt",2026-07-01 09:34:13.071661
"154","skeleton_tank8",NA,8,"+4C",2,3,NA,"data/TP5/TANK8_Reflection__2__02.txt","TANK8_Reflection__2__02.txt",2026-07-01 09:34:28.331802
"155","skeleton_tank8",NA,8,"+4C",3,4,NA,"data/TP5/TANK8_Reflection__3__03.txt","TANK8_Reflection__3__03.txt",2026-07-01 09:34:40.669291
"156","spectralon_tank8",NA,8,"+4C",1,1,NA,"data/TP5/TANK8_Reflection__0__00.txt","TANK8_Reflection__0__00.txt",2026-07-01 09:33:33.349258
"157","EMERALD-sid26-052026","Emerald Reef",9,"+2C",1,5,NA,"data/TP5/TANK9_Reflection__4__04.txt","TANK9_Reflection__4__04.txt",2026-07-01 09:13:03.594688
"158","EMERALD-sid26-052026","Emerald Reef",9,"+2C",2,6,NA,"data/TP5/TANK9_Reflection__5__05.txt","TANK9_Reflection__5__05.txt",2026-07-01 09:13:32.840342
"159","EMERALD-sid26-052026","Emerald Reef",9,"+2C",3,7,NA,"data/TP5/TANK9_Reflection__6__06.txt","TANK9_Reflection__6__06.txt",2026-07-01 09:13:46.019993
"160","JR-sid34-052026","JR's Ledge",9,"+2C",1,8,NA,"data/TP5/TANK9_Reflection__7__07.txt","TANK9_Reflection__7__07.txt",2026-07-01 09:14:24.119446
"161","JR-sid34-052026","JR's Ledge",9,"+2C",2,9,NA,"data/TP5/TANK9_Reflection__8__08.txt","TANK9_Reflection__8__08.txt",2026-07-01 09:14:52.917088
"162","JR-sid34-052026","JR's Ledge",9,"+2C",3,10,NA,"data/TP5/TANK9_Reflection__9__09.txt","TANK9_Reflection__9__09.txt",2026-07-01 09:15:27.924057
"163","cave-ssid07-04162026","Caves",9,"+2C",1,17,NA,"data/TP5/TANK9_Reflection__16__16.txt","TANK9_Reflection__16__16.txt",2026-07-01 09:22:21.603861
"164","cave-ssid07-04162026","Caves",9,"+2C",2,18,NA,"data/TP5/TANK9_Reflection__17__17.txt","TANK9_Reflection__17__17.txt",2026-07-01 09:22:40.190304
"165","cave-ssid07-04162026","Caves",9,"+2C",3,19,NA,"data/TP5/TANK9_Reflection__18__18.txt","TANK9_Reflection__18__18.txt",2026-07-01 09:23:05.350433
"166","ftlb2-ssid13-03222026","BAR",9,"+2C",1,11,NA,"data/TP5/TANK9_Reflection__10__10.txt","TANK9_Reflection__10__10.txt",2026-07-01 09:15:52.446535
"167","ftlb2-ssid13-03222026","BAR",9,"+2C",2,12,NA,"data/TP5/TANK9_Reflection__11__11.txt","TANK9_Reflection__11__11.txt",2026-07-01 09:16:04.580017
"168","ftlb2-ssid13-03222026","BAR",9,"+2C",3,13,NA,"data/TP5/TANK9_Reflection__12__12.txt","TANK9_Reflection__12__12.txt",2026-07-01 09:16:22.165173
"169","sc-ssid12-04182026","South Canyon",9,"+2C",1,14,NA,"data/TP5/TANK9_Reflection__13__13.txt","TANK9_Reflection__13__13.txt",2026-07-01 09:17:39.269773
"170","sc-ssid12-04182026","South Canyon",9,"+2C",2,15,NA,"data/TP5/TANK9_Reflection__14__14.txt","TANK9_Reflection__14__14.txt",2026-07-01 09:19:58.157198
"171","sc-ssid12-04182026","South Canyon",9,"+2C",3,16,NA,"data/TP5/TANK9_Reflection__15__15.txt","TANK9_Reflection__15__15.txt",2026-07-01 09:20:10.977245
"172","skeleton_tank9",NA,9,"+2C",1,2,NA,"data/TP5/TANK9_Reflection__1__01.txt","TANK9_Reflection__1__01.txt",2026-07-01 09:11:47.998196
"173","skeleton_tank9",NA,9,"+2C",2,3,NA,"data/TP5/TANK9_Reflection__2__02.txt","TANK9_Reflection__2__02.txt",2026-07-01 09:12:02.954329
"174","skeleton_tank9",NA,9,"+2C",3,4,NA,"data/TP5/TANK9_Reflection__3__03.txt","TANK9_Reflection__3__03.txt",2026-07-01 09:12:14.200783
"175","spectralon_tank9",NA,9,"+2C",1,1,NA,"data/TP5/TANK9_Reflection__0__00.txt","TANK9_Reflection__0__00.txt",2026-07-01 09:10:55.807312
"176","DB-sid04-051426","Dania",10,"control",1,8,NA,"data/TP5/TANK10_Reflection__7__07.txt","TANK10_Reflection__7__07.txt",2026-07-01 08:54:24.710365
"177","DB-sid04-051426","Dania",10,"control",2,9,NA,"data/TP5/TANK10_Reflection__8__08.txt","TANK10_Reflection__8__08.txt",2026-07-01 08:54:34.458847
"178","DB-sid04-051426","Dania",10,"control",3,10,NA,"data/TP5/TANK10_Reflection__9__09.txt","TANK10_Reflection__9__09.txt",2026-07-01 08:54:47.755148
"179","EMERALD-sid16-052026","Emerald Reef",10,"control",1,5,NA,"data/TP5/TANK10_Reflection__4__04.txt","TANK10_Reflection__4__04.txt",2026-07-01 08:52:38.246298
"180","EMERALD-sid16-052026","Emerald Reef",10,"control",2,6,NA,"data/TP5/TANK10_Reflection__5__05.txt","TANK10_Reflection__5__05.txt",2026-07-01 08:52:51.814238
"181","EMERALD-sid16-052026","Emerald Reef",10,"control",3,7,NA,"data/TP5/TANK10_Reflection__6__06.txt","TANK10_Reflection__6__06.txt",2026-07-01 08:53:07.108538
"182","HB-sid20-051426","Hollywood",10,"control",1,17,NA,"data/TP5/TANK10_Reflection__16__16.txt","TANK10_Reflection__16__16.txt",2026-07-01 08:58:12.884033
"183","HB-sid20-051426","Hollywood",10,"control",2,18,NA,"data/TP5/TANK10_Reflection__17__17.txt","TANK10_Reflection__17__17.txt",2026-07-01 08:58:26.028284
"184","HB-sid20-051426","Hollywood",10,"control",3,19,NA,"data/TP5/TANK10_Reflection__18__18.txt","TANK10_Reflection__18__18.txt",2026-07-01 08:58:38.733541
"185","JR-sid36-052026","JR's Ledge",10,"control",1,14,NA,"data/TP5/TANK10_Reflection__13__13.txt","TANK10_Reflection__13__13.txt",2026-07-01 08:56:44.111483
"186","JR-sid36-052026","JR's Ledge",10,"control",2,15,NA,"data/TP5/TANK10_Reflection__14__14.txt","TANK10_Reflection__14__14.txt",2026-07-01 08:56:57.2493
"187","JR-sid36-052026","JR's Ledge",10,"control",3,16,NA,"data/TP5/TANK10_Reflection__15__15.txt","TANK10_Reflection__15__15.txt",2026-07-01 08:57:10.970068
"188","ftlb2-ssid11-03222026","BAR",10,"control",1,11,NA,"data/TP5/TANK10_Reflection__10__10.txt","TANK10_Reflection__10__10.txt",2026-07-01 08:55:22.896919
"189","ftlb2-ssid11-03222026","BAR",10,"control",2,12,NA,"data/TP5/TANK10_Reflection__11__11.txt","TANK10_Reflection__11__11.txt",2026-07-01 08:55:33.623102
"190","ftlb2-ssid11-03222026","BAR",10,"control",3,13,NA,"data/TP5/TANK10_Reflection__12__12.txt","TANK10_Reflection__12__12.txt",2026-07-01 08:55:50.198465
"191","skeleton_tank10",NA,10,"control",1,2,NA,"data/TP5/TANK10_Reflection__1__01.txt","TANK10_Reflection__1__01.txt",2026-07-01 08:51:22.28162
"192","skeleton_tank10",NA,10,"control",2,3,NA,"data/TP5/TANK10_Reflection__2__02.txt","TANK10_Reflection__2__02.txt",2026-07-01 08:51:32.320019
"193","skeleton_tank10",NA,10,"control",3,4,NA,"data/TP5/TANK10_Reflection__3__03.txt","TANK10_Reflection__3__03.txt",2026-07-01 08:51:43.478785
"194","spectralon_tank10",NA,10,"control",1,1,NA,"data/TP5/TANK10_Reflection__0__00.txt","TANK10_Reflection__0__00.txt",2026-07-01 08:50:47.479893
"195","GRA-sid14-051426","Graceland",11,"+4C",1,5,NA,"data/TP5/TANK11_Reflection__4__04.txt","TANK11_Reflection__4__04.txt",2026-07-01 08:33:12.665178
"196","GRA-sid14-051426","Graceland",11,"+4C",2,6,NA,"data/TP5/TANK11_Reflection__5__05.txt","TANK11_Reflection__5__05.txt",2026-07-01 08:33:27.722382
"197","GRA-sid14-051426","Graceland",11,"+4C",3,7,NA,"data/TP5/TANK11_Reflection__6__06.txt","TANK11_Reflection__6__06.txt",2026-07-01 08:33:46.512999
"198","REV-sid01-052026","Reverse Reef",11,"+4C",1,11,NA,"data/TP5/TANK11_Reflection__10__10.txt","TANK11_Reflection__10__10.txt",2026-07-01 08:35:58.62429
"199","REV-sid01-052026","Reverse Reef",11,"+4C",2,12,NA,"data/TP5/TANK11_Reflection__11__11.txt","TANK11_Reflection__11__11.txt",2026-07-01 08:36:18.058432
"200","REV-sid01-052026","Reverse Reef",11,"+4C",3,13,NA,"data/TP5/TANK11_Reflection__12__12.txt","TANK11_Reflection__12__12.txt",2026-07-01 08:37:53.701996
"201","REV-sid34-052026","Reverse Reef",11,"+4C",1,17,NA,"data/TP5/TANK11_Reflection__16__16.txt","TANK11_Reflection__16__16.txt",2026-07-01 08:39:41.151522
"202","REV-sid34-052026","Reverse Reef",11,"+4C",2,18,NA,"data/TP5/TANK11_Reflection__17__17.txt","TANK11_Reflection__17__17.txt",2026-07-01 08:39:57.312771
"203","REV-sid34-052026","Reverse Reef",11,"+4C",3,19,NA,"data/TP5/TANK11_Reflection__18__18.txt","TANK11_Reflection__18__18.txt",2026-07-01 08:40:38.726847
"204","sc-ssid21-04182026","South Canyon",11,"+4C",1,14,NA,"data/TP5/TANK11_Reflection__13__13.txt","TANK11_Reflection__13__13.txt",2026-07-01 08:38:40.867884
"205","sc-ssid21-04182026","South Canyon",11,"+4C",2,15,NA,"data/TP5/TANK11_Reflection__14__14.txt","TANK11_Reflection__14__14.txt",2026-07-01 08:38:52.216751
"206","sc-ssid21-04182026","South Canyon",11,"+4C",3,16,NA,"data/TP5/TANK11_Reflection__15__15.txt","TANK11_Reflection__15__15.txt",2026-07-01 08:39:04.450159
"207","sc-ssid30-04182026","South Canyon",11,"+4C",1,8,NA,"data/TP5/TANK11_Reflection__7__07.txt","TANK11_Reflection__7__07.txt",2026-07-01 08:34:30.861521
"208","sc-ssid30-04182026","South Canyon",11,"+4C",2,9,NA,"data/TP5/TANK11_Reflection__8__08.txt","TANK11_Reflection__8__08.txt",2026-07-01 08:34:45.276169
"209","sc-ssid30-04182026","South Canyon",11,"+4C",3,10,NA,"data/TP5/TANK11_Reflection__9__09.txt","TANK11_Reflection__9__09.txt",2026-07-01 08:34:59.256062
"210","skeleton_tank11",NA,11,"+4C",1,2,NA,"data/TP5/TANK11_Reflection__1__01.txt","TANK11_Reflection__1__01.txt",2026-07-01 08:31:35.046125
"211","skeleton_tank11",NA,11,"+4C",2,3,NA,"data/TP5/TANK11_Reflection__2__02.txt","TANK11_Reflection__2__02.txt",2026-07-01 08:31:51.882895
"212","skeleton_tank11",NA,11,"+4C",3,4,NA,"data/TP5/TANK11_Reflection__3__03.txt","TANK11_Reflection__3__03.txt",2026-07-01 08:32:10.884031
"213","spectralon_tank11",NA,11,"+4C",1,1,NA,"data/TP5/TANK11_Reflection__0__00.txt","TANK11_Reflection__0__00.txt",2026-07-01 08:30:48.269268
"214","REV-sid26-052026","Reverse Reef",12,"+2C",1,8,NA,"data/TP5/TANK12_Reflection__6__07.txt","TANK12_Reflection__6__07.txt",2026-07-01 08:09:08.871906
"215","REV-sid26-052026","Reverse Reef",12,"+2C",2,9,NA,"data/TP5/TANK12_Reflection__7__08.txt","TANK12_Reflection__7__08.txt",2026-07-01 08:09:27.233669
"216","REV-sid26-052026","Reverse Reef",12,"+2C",3,10,NA,"data/TP5/TANK12_Reflection__8__09.txt","TANK12_Reflection__8__09.txt",2026-07-01 08:09:41.920153
"217","URB-sid06-052826","Dodge Island",12,"+2C",1,11,NA,"data/TP5/TANK12_Reflection__9__10.txt","TANK12_Reflection__9__10.txt",2026-07-01 08:12:27.13208
"218","URB-sid06-052826","Dodge Island",12,"+2C",2,12,NA,"data/TP5/TANK12_Reflection__10__11.txt","TANK12_Reflection__10__11.txt",2026-07-01 08:12:41.763653
"219","URB-sid06-052826","Dodge Island",12,"+2C",3,13,NA,"data/TP5/TANK12_Reflection__11__12.txt","TANK12_Reflection__11__12.txt",2026-07-01 08:12:57.382473
"220","cave-ssid28-04162026","Caves",12,"+2C",1,17,NA,"data/TP5/TANK12_Reflection__15__16.txt","TANK12_Reflection__15__16.txt",2026-07-01 08:15:19.344334
"221","cave-ssid28-04162026","Caves",12,"+2C",2,18,NA,"data/TP5/TANK12_Reflection__16__17.txt","TANK12_Reflection__16__17.txt",2026-07-01 08:15:32.125381
"222","cave-ssid28-04162026","Caves",12,"+2C",3,19,NA,"data/TP5/TANK12_Reflection__17__18.txt","TANK12_Reflection__17__18.txt",2026-07-01 08:15:42.866863
"223","ftlb2-ssid05-03222026","BAR",12,"+2C",1,5,NA,"data/TP5/TANK12_Reflection__3__04.txt","TANK12_Reflection__3__04.txt",2026-07-01 08:07:52.994326
"224","ftlb2-ssid05-03222026","BAR",12,"+2C",2,6,NA,"data/TP5/TANK12_Reflection__4__05.txt","TANK12_Reflection__4__05.txt",2026-07-01 08:08:06.844988
"225","ftlb2-ssid05-03222026","BAR",12,"+2C",3,7,NA,"data/TP5/TANK12_Reflection__5__06.txt","TANK12_Reflection__5__06.txt",2026-07-01 08:08:19.515802
"226","sc-ssid11-04182026","South Canyon",12,"+2C",1,14,NA,"data/TP5/TANK12_Reflection__12__13.txt","TANK12_Reflection__12__13.txt",2026-07-01 08:13:29.877647
"227","sc-ssid11-04182026","South Canyon",12,"+2C",2,15,NA,"data/TP5/TANK12_Reflection__13__14.txt","TANK12_Reflection__13__14.txt",2026-07-01 08:14:15.376205
"228","sc-ssid11-04182026","South Canyon",12,"+2C",3,16,NA,"data/TP5/TANK12_Reflection__14__15.txt","TANK12_Reflection__14__15.txt",2026-07-01 08:14:28.782406
"229","skeleton_tank12",NA,12,"+2C",1,2,NA,"data/TP5/TANK12_Reflection__0__01.txt","TANK12_Reflection__0__01.txt",2026-07-01 08:05:38.990206
"230","skeleton_tank12",NA,12,"+2C",2,3,NA,"data/TP5/TANK12_Reflection__1__02.txt","TANK12_Reflection__1__02.txt",2026-07-01 08:05:56.331383
"231","skeleton_tank12",NA,12,"+2C",3,4,"0_1","data/TP5/TANK12_Reflection__2__03.txt","TANK12_Reflection__2__03.txt",2026-07-01 08:06:16.333298
"232","spectralon_tank12",NA,12,"+2C",1,1,"0_0","data/TP5/TANK12_Reflection__0__00.txt","TANK12_Reflection__0__00.txt",2026-07-01 08:04:02.141148
